timestamp,open,high,low,close,volume,turnover
1789718400000,0.2605,0.2697,0.249,0.2605,210634,54935.3105
1789722000000,0.2605,0.2925,0.2598,0.2722,2393162,650473.7042
1789725600000,0.2722,0.2751,0.2647,0.2647,394925,106512.7631
1789729200000,0.2647,0.2749,0.2544,0.266,785554,205712.6633
1789732800000,0.266,0.2698,0.261,0.2613,197163,52207.7035
1789736400000,0.2613,0.2664,0.2565,0.2654,205022,53541.3434
1789740000000,0.2654,0.2931,0.2608,0.2875,958819,262762.0525
1789743600000,0.2875,0.2916,0.2763,0.2821,260070,73708.6864
1789747200000,0.2821,0.2864,0.2749,0.2749,191210,53609.7682
1789750800000,0.2749,0.278,0.2596,0.261,481701,127655.6448
1789754400000,0.261,0.2818,0.2584,0.2659,285670,76435.7109
1789758000000,0.2659,0.2681,0.2586,0.2613,110120,28882.7165
1789761600000,0.2613,0.2623,0.2561,0.2594,206026,53338.083
1789765200000,0.2594,0.2773,0.2373,0.248,1312306,326697.5195
1789768800000,0.248,0.2529,0.2441,0.2477,101690,25316.4074
1789772400000,0.2477,0.2512,0.2437,0.246,123768,30588.6399
1789776000000,0.246,0.2496,0.2297,0.2427,498650,120584.9015
1789779600000,0.2427,0.2464,0.24,0.2414,188415,45951.6987
1789783200000,0.2414,0.2558,0.2396,0.2508,495768,123095.3719
1789786800000,0.2508,0.2543,0.2456,0.246,166140,41569.0278
1789790400000,0.246,0.2461,0.2341,0.2348,195586,46770.4243
1789794000000,0.2348,0.236,0.2281,0.2305,854410,197318.1092
1789797600000,0.2305,0.2337,0.2292,0.2337,306796,70845.087
1789801200000,0.2337,0.246,0.2332,0.2437,273536,65698.2439
1789804800000,0.2437,0.2507,0.2434,0.249,164653,40731.0233
1789808400000,0.249,0.2515,0.244,0.248,793612,197572.582
1789812000000,0.248,0.2508,0.2451,0.2455,201274,49835.3649
1789815600000,0.2455,0.2473,0.2426,0.2457,123696,30301.3976
1789819200000,0.2457,0.2607,0.2453,0.256,656737,166882.003
1789822800000,0.256,0.2575,0.2513,0.2548,293614,74617.5432
1789826400000,0.2548,0.2687,0.2541,0.2647,473246,123797.5481
1789830000000,0.2647,0.2853,0.2594,0.2847,941541,258412.8874
1789833600000,0.2847,0.2888,0.2735,0.2811,517434,144047.5265
1789837200000,0.2811,0.2941,0.2806,0.284,743778,213288.7177
1789840800000,0.284,0.3052,0.2815,0.3037,520501,152820.1097
1789844400000,0.3037,0.3062,0.2909,0.2919,287380,85806.0459
1789848000000,0.2919,0.3075,0.2919,0.3053,300109,90044.4719
1789851600000,0.3053,0.3284,0.301,0.301,965315,302290.6367
1789855200000,0.301,0.3018,0.2783,0.2878,658535,190023.2663
1789858800000,0.2878,0.2981,0.2878,0.2902,270681,79121.5979
1789862400000,0.2902,0.2932,0.2742,0.277,413958,116066.6882
1789866000000,0.277,0.286,0.2735,0.2762,405702,113963.66
1789869600000,0.2762,0.2762,0.2577,0.2582,848187,224146.758
1789873200000,0.2582,0.261,0.2513,0.2601,336123,86154.5071
1789876800000,0.2601,0.2674,0.2567,0.265,185335,48600.4471
1789880400000,0.265,0.2691,0.2546,0.2552,538979,141068.9539
1789884000000,0.2552,0.2559,0.2476,0.2549,467111,117808.1993
1789887600000,0.2549,0.2762,0.2544,0.2709,566829,150468.5471
1789891200000,0.2709,0.2731,0.2626,0.2638,489943,131280.723
1789894800000,0.2638,0.2677,0.2618,0.2636,204183,53926.4656
1789898400000,0.2636,0.2705,0.259,0.2672,266849,70709.623
1789902000000,0.2672,0.2849,0.2663,0.2822,1044400,289064.7799
1789905600000,0.2822,0.2981,0.2813,0.2923,1158340,335293.5283
1789909200000,0.2923,0.2939,0.2869,0.2902,196546,57022.4794
1789912800000,0.2902,0.2959,0.2898,0.2908,403608,118299.4545
1789916400000,0.2908,0.3022,0.2873,0.301,702182,208562.7597
1789920000000,0.301,0.3213,0.2986,0.3104,720596,224422.5977
1789923600000,0.3104,0.3139,0.2836,0.285,1810784,545656.6638
1789927200000,0.285,0.3229,0.284,0.3216,616624,187049.9109
1789930800000,0.3216,0.3428,0.3132,0.3311,1029354,338429.2072
1789934400000,0.3311,0.3448,0.3279,0.3363,553771,187738.4116
1789938000000,0.3363,0.3365,0.3259,0.3298,539919,178921.1307
1789941600000,0.3298,0.3479,0.3241,0.343,658498,221915.91
1789945200000,0.343,0.3448,0.3266,0.3277,267064,89707.0867
1789948800000,0.3277,0.3531,0.3277,0.3489,812095,279613.7795
1789952400000,0.3489,0.3646,0.3477,0.3567,829613,297372.3282
1789956000000,0.3567,0.3763,0.3537,0.3605,1218214,444713.4433
1789959600000,0.3605,0.3638,0.35,0.3587,710522,254340.6897
1789963200000,0.3587,0.362,0.3508,0.3586,310461,110687.1105
1789966800000,0.3586,0.365,0.3571,0.3645,485123,175954.2774
1789970400000,0.3645,0.3739,0.3594,0.3688,1326604,485630.6548
1789974000000,0.3688,0.3715,0.3639,0.3676,692482,254482.8588
1789977600000,0.3676,0.3699,0.3521,0.361,784898,282260.2833
1789981200000,0.361,0.3645,0.3566,0.3618,179533,64688.4903
1789984800000,0.3618,0.3631,0.3522,0.3531,409529,145898.9924
1789988400000,0.3531,0.3544,0.3307,0.3351,1255718,425799.6479
1789992000000,0.3351,0.3589,0.3348,0.3578,630042,216726.4627
1789995600000,0.3578,0.3641,0.3524,0.3573,607257,217362.6603
1789999200000,0.3573,0.387,0.3537,0.3813,1181546,443289.8198
1790002800000,0.3813,0.398,0.3772,0.3923,1766231,683167.5961
1790006400000,0.3923,0.3984,0.3813,0.3827,1024182,400982.8088
1790010000000,0.3827,0.3878,0.3779,0.3816,880759,336861.5891
1790013600000,0.3816,0.3956,0.3788,0.3917,570999,222956.6333
1790017200000,0.3917,0.4045,0.3795,0.394,1099045,431983.8414
1790020800000,0.394,0.394,0.3671,0.3756,1316236,496377.618
1790024400000,0.3756,0.3792,0.3657,0.3706,367798,136908.8976
1790028000000,0.3706,0.3753,0.3601,0.3639,309214,112873.1952
1790031600000,0.3639,0.3683,0.3546,0.3676,373303,134668.2153
1790035200000,0.3676,0.3774,0.3651,0.3744,353182,131201.837
1790038800000,0.3744,0.3759,0.3579,0.3725,344390,126034.9693
1790042400000,0.3725,0.3763,0.3689,0.3702,165958,61814.0079
1790046000000,0.3702,0.3702,0.3381,0.3409,1015053,356631.7025
1790049600000,0.3409,0.3477,0.3222,0.3304,596964,199083.741
1790053200000,0.3304,0.3371,0.3254,0.3265,260642,86116.6575
1790056800000,0.3265,0.339,0.3255,0.3327,312749,103899.598
1790060400000,0.3327,0.3427,0.3287,0.34,677179,228778.2252
1790064000000,0.34,0.3445,0.3312,0.3416,563411,190827.0041
1790067600000,0.3416,0.3419,0.3269,0.3344,380358,126649.6283
1790071200000,0.3344,0.3398,0.3333,0.338,413864,139076.8587
1790074800000,0.338,0.3382,0.3283,0.329,348553,115704.3638
1790078400000,0.329,0.3399,0.3272,0.3394,356429,118359.357
1790082000000,0.3394,0.3596,0.3379,0.3567,520363,182148.4291
1790085600000,0.3567,0.3653,0.348,0.3575,1126224,402342.1106
1790089200000,0.3575,0.3595,0.3389,0.3446,526626,182980.7712
1790092800000,0.3446,0.3449,0.3303,0.332,761720,257391.8521
1790096400000,0.332,0.333,0.3128,0.3196,1104593,355716.2835
1790100000000,0.3196,0.3335,0.3113,0.3253,996613,318773.5614
1790103600000,0.3253,0.3303,0.3217,0.3299,963650,314878.8074
1790107200000,0.3299,0.3373,0.3189,0.3202,450625,148961.0937
1790110800000,0.3202,0.3218,0.2939,0.3052,1639916,501900.4232
1790114400000,0.3052,0.3167,0.2998,0.3006,563975,173163.631
1790118000000,0.3006,0.3026,0.29,0.2975,1036015,306310.8243
1790121600000,0.2975,0.3151,0.2966,0.3107,933819,284988.8851
1790125200000,0.3107,0.3245,0.3096,0.3182,534244,170101.6888
1790128800000,0.3182,0.3194,0.3096,0.315,652319,205199.4051
1790132400000,0.315,0.3208,0.3116,0.3121,268812,84827.4462
1790136000000,0.3121,0.3305,0.3103,0.3294,672775,217192.2376
1790139600000,0.3294,0.3424,0.326,0.3414,1077898,358022.9042
1790143200000,0.3414,0.3546,0.3401,0.3482,1307409,454322.9618
1790146800000,0.3482,0.3546,0.3465,0.3466,594158,209112.3709
1790150400000,0.3466,0.351,0.3384,0.3384,490528,169820.0358
1790154000000,0.3384,0.3397,0.3281,0.3367,525810,175026.7721
1790157600000,0.3367,0.342,0.3319,0.3339,734877,247154.53
1790161200000,0.3339,0.3358,0.3228,0.326,1146932,375375.321
1790164800000,0.326,0.3269,0.31,0.3201,842395,267655.0218
1790168400000,0.3201,0.3237,0.3149,0.3222,358311,114213.4664
1790172000000,0.3222,0.323,0.2936,0.3024,1540876,468328.0746
1790175600000,0.3024,0.3117,0.302,0.3057,537040,165358.0055
1790179200000,0.3057,0.3108,0.304,0.3057,467383,143473.4529
1790182800000,0.3057,0.309,0.2999,0.3081,460459,140333.8449
1790186400000,0.3081,0.309,0.3023,0.3029,198696,60688.834
1790190000000,0.3029,0.3114,0.3008,0.3102,431863,131668.7539
1790193600000,0.3102,0.3147,0.3067,0.3141,281251,87690.0112
1790197200000,0.3141,0.3239,0.3126,0.3223,417157,133157.4975
1790200800000,0.3223,0.3264,0.317,0.3208,800452,258615.9755
1790204400000,0.3208,0.3227,0.319,0.3224,133708,42888.5821
1790208000000,0.3224,0.3444,0.3215,0.3418,1888775,633547.4635
1790211600000,0.3418,0.3607,0.341,0.3506,2246583,795572.7739
1790215200000,0.3506,0.3511,0.3434,0.3492,1058064,368069.5892
1790218800000,0.3492,0.362,0.3492,0.3614,1557745,555548.9905
1790222400000,0.3614,0.368,0.3562,0.3588,1864102,673754.2485
1790226000000,0.3588,0.3622,0.3527,0.3575,493277,176796.9121
1790229600000,0.3575,0.3716,0.357,0.3699,1018479,372628.346
1790233200000,0.3699,0.3747,0.3681,0.3697,539623,200617.7647
1790236800000,0.3697,0.3714,0.3524,0.3546,703480,254568.2214
1790240400000,0.3546,0.3552,0.336,0.3444,1237612,423012.5215
1790244000000,0.3444,0.3447,0.3341,0.3379,527512,179332.7537
1790247600000,0.3379,0.3553,0.3376,0.3483,516454,179496.0622
1790251200000,0.3483,0.358,0.3456,0.357,581706,206043.1164
1790254800000,0.357,0.3585,0.3518,0.3575,415613,147707.2713
1790258400000,0.3575,0.3747,0.3546,0.3701,1311824,478826.4738
1790262000000,0.3701,0.3821,0.3681,0.377,1223601,460223.4938
1790265600000,0.377,0.3816,0.3632,0.3636,980679,363719.65
1790269200000,0.3636,0.3663,0.3585,0.3658,492815,178369.6589
1790272800000,0.3658,0.37,0.3632,0.3684,214921,78899.5501
1790276400000,0.3684,0.3729,0.3665,0.3682,245361,90690.8407
1790280000000,0.3682,0.3684,0.3539,0.3623,457705,164789.0613
1790283600000,0.3623,0.3657,0.3534,0.3534,283827,102361.9462
1790287200000,0.3534,0.3534,0.3451,0.3504,412145,143738.4963
1790290800000,0.3504,0.3532,0.3459,0.3475,139550,48828.8962
1790294400000,0.3475,0.3609,0.3466,0.3598,306748,109143.8846
1790298000000,0.3598,0.3611,0.3497,0.3509,201033,71655.9764
1790301600000,0.3509,0.3511,0.3452,0.3454,83920,29263.5916
1790305200000,0.3454,0.3509,0.3322,0.3347,672298,228685.0602
1790308800000,0.3347,0.3363,0.3289,0.3292,478937,159332.6869
1790312400000,0.3292,0.3334,0.3292,0.3313,222560,73769.9467
1790316000000,0.3313,0.3315,0.3219,0.3234,282220,92140.4378
1790319600000,0.3234,0.3314,0.3206,0.3307,380963,124018.0236
1790323200000,0.3307,0.3358,0.3289,0.3346,177198,58956.749
1790326800000,0.3346,0.3432,0.3342,0.3364,629486,213096.6188
1790330400000,0.3364,0.3374,0.3227,0.3264,791258,261130.7995
1790334000000,0.3264,0.3363,0.3264,0.3282,619103,205794.199
1790337600000,0.3282,0.3312,0.3229,0.3264,563326,184456.8037
1790341200000,0.3264,0.332,0.3237,0.329,327798,107823.9288
1790344800000,0.329,0.3303,0.3142,0.3151,622981,200955.3473
1790348400000,0.3151,0.32,0.3065,0.3103,1070730,333689.4418
1790352000000,0.3103,0.3179,0.307,0.3073,706404,221283.8753
1790355600000,0.3073,0.3075,0.2945,0.2953,1132741,340018.9492
1790359200000,0.2953,0.3052,0.2952,0.3001,635822,191333.9325
1790362800000,0.3001,0.3181,0.2996,0.3157,738187,227909.5222
1790366400000,0.3157,0.3162,0.3084,0.3099,441040,137868.913
1790370000000,0.3099,0.3116,0.3051,0.3058,309287,95368.8432
1790373600000,0.3058,0.3089,0.3052,0.3052,161614,49559.8023
1790377200000,0.3052,0.3123,0.3051,0.3123,168489,51943.9107
1790380800000,0.3123,0.3168,0.31,0.3144,313214,97821.7276
1790384400000,0.3144,0.3282,0.3137,0.3251,638361,206757.5214
1790388000000,0.3251,0.3251,0.3095,0.3102,204473,64848.5731
1790391600000,0.3102,0.3105,0.2892,0.2925,1089051,324121.0579
1790395200000,0.2925,0.2929,0.2684,0.283,1285298,360846.5894
1790398800000,0.283,0.2835,0.2709,0.2744,802300,221323.6073
1790402400000,0.2744,0.2839,0.2744,0.2771,337027,94227.994
1790406000000,0.2771,0.2791,0.2583,0.2599,1211578,322239.4468
1790409600000,0.2599,0.2743,0.2587,0.2725,600269,160776.925
1790413200000,0.2725,0.2731,0.2652,0.2722,520795,139751.0972
1790416800000,0.2722,0.2825,0.2689,0.2815,575228,159421.4486
1790420400000,0.2815,0.2872,0.2802,0.2826,557619,158318.8973
1790424000000,0.2826,0.284,0.266,0.2735,849589,231581.0194
1790427600000,0.2735,0.2736,0.2542,0.2663,1277768,336346.6071
1790431200000,0.2663,0.2676,0.2509,0.2599,1216234,313445.0979
1790434800000,0.2599,0.2679,0.2597,0.2673,393038,103416.1807
1790438400000,0.2673,0.2737,0.2655,0.2736,520458,140377.3367
1790442000000,0.2736,0.2988,0.2729,0.2969,1036405,297831.7203
1790445600000,0.2969,0.3006,0.2863,0.2889,712537,209947.9049
1790449200000,0.2889,0.2964,0.2836,0.2931,532333,154147.3866
1790452800000,0.2931,0.2932,0.2824,0.2834,337618,96694.3167
1790456400000,0.2834,0.2857,0.2794,0.2809,281324,79311.3989
1790460000000,0.2809,0.2822,0.2789,0.2792,137256,38533.1058
1790463600000,0.2792,0.2852,0.2791,0.283,106363,30009.7025
1790467200000,0.283,0.283,0.2676,0.2769,631685,172669.378
1790470800000,0.2769,0.2816,0.2746,0.2809,130180,36229.4762
1790474400000,0.2809,0.2853,0.2774,0.2828,261595,73806.7857
1790478000000,0.2828,0.2833,0.2772,0.2786,188310,52694.0017
1790481600000,0.2786,0.2786,0.2695,0.2714,411195,111783.1468
1790485200000,0.2714,0.2767,0.2704,0.272,310807,85168.1925
1790488800000,0.272,0.2856,0.2719,0.2848,214233,60148.1055
1790492400000,0.2848,0.295,0.2846,0.294,256695,74232.052
1790496000000,0.294,0.3073,0.2931,0.3058,423319,127223.4396
1790499600000,0.3058,0.3164,0.3047,0.3161,693834,215600.1502
1790503200000,0.3161,0.3192,0.2996,0.3008,1168331,363927.199
1790506800000,0.3008,0.3014,0.2942,0.2954,450123,133874.9499
1790510400000,0.2954,0.2966,0.2848,0.2852,333862,96414.1641
1790514000000,0.2852,0.2852,0.2706,0.2741,316011,87798.4576
1790517600000,0.2741,0.2751,0.2636,0.2715,732089,195688.7712
1790521200000,0.2715,0.2793,0.2711,0.2772,646018,177963.0961
1790524800000,0.2772,0.2818,0.2704,0.2704,287362,79766.611
1790528400000,0.2704,0.271,0.2581,0.2698,2820350,746793.2069
1790532000000,0.2698,0.2798,0.2669,0.2784,755498,207324.4175
1790535600000,0.2784,0.2794,0.2649,0.2713,772735,207907.6555
1790539200000,0.2713,0.274,0.2671,0.27,177907,48259.0481
1790542800000,0.27,0.2713,0.2553,0.2566,435007,113018.7134
1790546400000,0.2566,0.2568,0.2505,0.2552,797778,202042.7332
1790550000000,0.2552,0.2562,0.2476,0.2488,972967,244495.7655
1790553600000,0.2488,0.2627,0.2443,0.2543,1292711,327296.2236
1790557200000,0.2543,0.257,0.2472,0.2501,368305,92853.4079
1790560800000,0.2501,0.2606,0.2501,0.2586,356436,91671.739
1790564400000,0.2586,0.2624,0.2494,0.2507,313857,80433.343
1790568000000,0.2507,0.2531,0.2464,0.2475,358088,89575.6393
1790571600000,0.2475,0.2592,0.2378,0.2567,1090313,266799.8061
1790575200000,0.2567,0.262,0.2534,0.2553,616097,158677.2575
1790578800000,0.2553,0.2562,0.2327,0.2366,1345064,324604.4821
1790582400000,0.2366,0.2431,0.2341,0.2368,663101,157890.2642
1790586000000,0.2368,0.2427,0.2363,0.2393,747869,178587.9163
1790589600000,0.2393,0.2514,0.2388,0.2514,1735800,426070.7881
1790593200000,0.2514,0.2549,0.2438,0.2451,619293,154951.272
1790596800000,0.2451,0.2566,0.2448,0.2554,1153158,291196.7869
1790600400000,0.2554,0.2579,0.2529,0.2538,588486,150369.8793
1790604000000,0.2538,0.2587,0.2493,0.2512,1057865,268703.2527
1790607600000,0.2512,0.2526,0.2422,0.2434,771571,190321.5366
1790611200000,0.2434,0.256,0.2415,0.2519,1059596,264616.8852
1790614800000,0.2519,0.2623,0.2482,0.2564,992309,254083.8664
1790618400000,0.2564,0.2583,0.2547,0.256,411279,105471.3619
1790622000000,0.256,0.2586,0.2489,0.2501,392356,99813.6369
1790625600000,0.2501,0.2523,0.2459,0.2468,199433,49751.8468
1790629200000,0.2468,0.2535,0.2464,0.2479,330612,82336.6018
1790632800000,0.2479,0.2492,0.2362,0.2405,1162587,279867.5061
1790636400000,0.2405,0.244,0.2385,0.2431,310947,74882.9851
1790640000000,0.2431,0.2482,0.2409,0.2466,684515,167752.7179
1790643600000,0.2466,0.2467,0.233,0.2334,534408,127567.8894
1790647200000,0.2334,0.2349,0.2271,0.2308,556611,128308.8814
1790650800000,0.2308,0.238,0.23,0.2324,671410,156198.2109
1790654400000,0.2324,0.2341,0.2293,0.2323,193647,44907.6435
1790658000000,0.2323,0.2347,0.226,0.2283,690726,157422.6537
1790661600000,0.2283,0.236,0.2283,0.2351,500152,115876.3891
1790665200000,0.2351,0.2376,0.2318,0.2349,409946,96508.1597
1790668800000,0.2349,0.2408,0.2318,0.2403,446096,105871.3045
1790672400000,0.2403,0.2412,0.2368,0.2404,478080,114461.8894
1790676000000,0.2404,0.2413,0.2363,0.2372,369653,88367.5173
1790679600000,0.2372,0.238,0.2311,0.2335,698245,164119.5412
1790683200000,0.2335,0.2394,0.2295,0.2377,634744,148575.6941
1790686800000,0.2377,0.255,0.2375,0.2507,1419241,353914.2744
1790690400000,0.2507,0.2655,0.2423,0.2594,2451800,617195.6266
1790694000000,0.2594,0.2606,0.2408,0.242,1604045,400733.1874
1790697600000,0.242,0.2504,0.2409,0.2462,768840,188291.7423
1790701200000,0.2462,0.2474,0.242,0.2438,219859,53770.9155
1790704800000,0.2438,0.2629,0.2433,0.2611,1355167,346325.6418
1790708400000,0.2611,0.2806,0.2588,0.279,2169879,584695.3062
1790712000000,0.279,0.3011,0.2785,0.2935,3640642,1055966.4568
1790715600000,0.2935,0.2985,0.2851,0.2952,2158940,631243.6458
1790719200000,0.2952,0.2959,0.2711,0.2775,2063414,578889.771
1790722800000,0.2775,0.2857,0.2771,0.2801,508660,143120.1285
1790726400000,0.2801,0.2956,0.2793,0.293,873091,250472.3253
1790730000000,0.293,0.3142,0.2926,0.3116,1405367,429444.6299
1790733600000,0.3116,0.3117,0.2955,0.2982,1037185,314747.5881
1790737200000,0.2982,0.3051,0.2862,0.2908,1089370,320313.5876
1790740800000,0.2908,0.2934,0.2865,0.293,345876,100307.4814
1790744400000,0.293,0.2951,0.287,0.2938,541665,158059.5128
1790748000000,0.2938,0.2943,0.2743,0.2756,1408609,400369.3664
1790751600000,0.2756,0.2808,0.2734,0.277,782167,217458.9115
1790755200000,0.277,0.2794,0.2715,0.2739,1149347,316480.5685
1790758800000,0.2739,0.2743,0.2572,0.2593,3077630,812258.5045
1790762400000,0.2593,0.272,0.2593,0.2689,855390,228319.2339
1790766000000,0.2689,0.2813,0.2673,0.2796,1572462,430720.7515
1790769600000,0.2796,0.2981,0.2748,0.2954,1942841,559323.9212
1790773200000,0.2954,0.2979,0.2821,0.2864,1971876,570647.6657
1790776800000,0.2864,0.2884,0.2599,0.2643,3776841,1030582.7273
1790780400000,0.2643,0.2712,0.2632,0.2654,950885,254613.0662
1790784000000,0.2654,0.2785,0.2649,0.2704,1055973,288767.9824
1790787600000,0.2704,0.2719,0.2586,0.2654,1416349,373590.2886
1790791200000,0.2654,0.2655,0.2509,0.2573,3576943,915501.2462
1790794800000,0.2573,0.259,0.2492,0.251,916240,231914.5706
1790798400000,0.251,0.2532,0.2447,0.249,2628592,653613.8493
1790802000000,0.249,0.2506,0.2461,0.2489,405166,100710.9605
1790805600000,0.2489,0.2492,0.2432,0.2433,433404,106457.2939
1790809200000,0.2433,0.2452,0.2368,0.2393,952364,229239.3361
1790812800000,0.2393,0.242,0.2226,0.2414,3041944,702455.4235
1790816400000,0.2414,0.2553,0.2397,0.2545,1206316,298693.1535
1790820000000,0.2545,0.2584,0.2492,0.2499,850312,215910.4677
1790823600000,0.2499,0.2515,0.2446,0.2508,472878,117420.1555
1790827200000,0.2508,0.2521,0.2457,0.2499,472417,117825.6543
1790830800000,0.2499,0.25,0.2447,0.2465,468105,115952.7965
1790834400000,0.2465,0.2558,0.2462,0.2533,1484598,374592.7131
1790838000000,0.2533,0.2536,0.2389,0.2393,1707641,419837.9708
1790841600000,0.2393,0.2406,0.2342,0.2402,941121,222884.6788
1790845200000,0.2402,0.2439,0.2379,0.2391,328092,79297.4759
1790848800000,0.2391,0.2424,0.2359,0.2409,404777,96777.3921
1790852400000,0.2409,0.2418,0.2368,0.2394,391716,94034.0935
1790856000000,0.2394,0.2445,0.2293,0.2306,1450604,339677.1944
1790859600000,0.2306,0.2364,0.2301,0.2348,580430,134930.1141
1790863200000,0.2348,0.2388,0.2243,0.2254,1590990,367887.8702
1790866800000,0.2254,0.2322,0.2246,0.2282,669711,152937.0182
1790870400000,0.2282,0.2315,0.2246,0.2287,649004,147964.0582
1790874000000,0.2287,0.2446,0.2282,0.2424,674314,161045.4102
1790877600000,0.2424,0.2481,0.2398,0.2464,635541,155317.8877
1790881200000,0.2464,0.2487,0.2408,0.2439,596760,146334.9255
1790884800000,0.2439,0.2533,0.2439,0.2462,635475,158298.2538
1790888400000,0.2462,0.253,0.2454,0.2524,231013,57724.2615
1790892000000,0.2524,0.2561,0.2481,0.2499,588436,148058.1486
1790895600000,0.2499,0.2511,0.2451,0.2494,220225,54613.3952
1790899200000,0.2494,0.2497,0.2454,0.2456,205847,50959.7382
1790902800000,0.2456,0.2526,0.2442,0.2476,491029,121796.1133
1790906400000,0.2476,0.2505,0.2463,0.2493,190043,47269.5451
1790910000000,0.2493,0.2593,0.2493,0.2586,624368,159566.3893
1790913600000,0.2586,0.2687,0.2586,0.2678,622343,164129.0367
1790917200000,0.2678,0.2678,0.2546,0.2555,550708,143569.3365
1790920800000,0.2555,0.2581,0.2519,0.2544,472396,120464.6751
1790924400000,0.2544,0.2552,0.2469,0.249,441598,110507.4024
1790928000000,0.249,0.2533,0.249,0.2494,261269,65522.9337
1790931600000,0.2494,0.251,0.2458,0.2482,224794,55824.9126
1790935200000,0.2482,0.2516,0.2474,0.2497,197882,49351.2438
1790938800000,0.2497,0.2579,0.2472,0.2524,587223,147527.9636
1790942400000,0.2524,0.2614,0.2514,0.2606,1267358,325913.1503
1790946000000,0.2606,0.2613,0.2477,0.2526,1455847,369966.8922
1790949600000,0.2526,0.2534,0.2405,0.2432,694294,170401.257
1790953200000,0.2432,0.2524,0.2399,0.2512,765360,186823.9147
1790956800000,0.2512,0.2527,0.2456,0.2469,458480,113530.2148
1790960400000,0.2469,0.2492,0.2427,0.2451,892129,219151.072
1790964000000,0.2451,0.2472,0.2321,0.2337,2564934,607738.4273
1790967600000,0.2337,0.2361,0.2177,0.2209,1972298,445389.5713
1790971200000,0.2209,0.2287,0.2209,0.2283,565861,127238.1074
1790974800000,0.2283,0.2296,0.2238,0.2255,417574,94927.3132
1790978400000,0.2255,0.2344,0.2241,0.2324,546999,126305.6295
1790982000000,0.2324,0.2345,0.2291,0.23,622108,144445.6059
1790985600000,0.23,0.2371,0.2261,0.2294,812149,187563.8541
1790989200000,0.2294,0.2297,0.2194,0.2277,627434,141256.6536
1790992800000,0.2277,0.2293,0.2241,0.2293,174198,39521.6392
1790996400000,0.2293,0.234,0.2281,0.2333,262984,61064.3058
1791000000000,0.2333,0.2367,0.2322,0.2349,124065,29049.446
1791003600000,0.2349,0.2366,0.2324,0.2329,137170,32121.6294
1791007200000,0.2329,0.2366,0.2312,0.2348,203010,47538.1934
1791010800000,0.2348,0.2412,0.2345,0.2397,380352,90766.1201
1791014400000,0.2397,0.2405,0.2348,0.237,327073,77688.2473
1791018000000,0.237,0.2403,0.237,0.2397,137913,32962.9764
1791021600000,0.2397,0.2398,0.2364,0.2389,205747,48929.1919
1791025200000,0.2389,0.2399,0.2337,0.2344,250084,59291.8662
1791028800000,0.2344,0.236,0.2323,0.2348,184060,43124.8358
1791032400000,0.2348,0.239,0.2342,0.2387,93125,22018.0523
1791036000000,0.2387,0.2454,0.2371,0.2419,365276,88283.9046
1791039600000,0.2419,0.242,0.2397,0.2407,113557,27331.8321
1791043200000,0.2407,0.2415,0.2297,0.2309,548479,128742.7672
1791046800000,0.2309,0.2319,0.2266,0.2277,382414,87738.6936
1791050400000,0.2277,0.2289,0.2208,0.2218,337514,75551.1132
1791054000000,0.2218,0.224,0.2206,0.223,257363,57230.2751
1791057600000,0.223,0.2241,0.215,0.2206,619750,135544.8122
1791061200000,0.2206,0.2206,0.2035,0.209,1891522,396423.8819
1791064800000,0.209,0.2114,0.2045,0.2056,799516,166249.5207
1791068400000,0.2056,0.2076,0.2028,0.204,388117,79739.204
1791072000000,0.204,0.2061,0.1969,0.2056,1112933,224056.3878
1791075600000,0.2056,0.2106,0.2024,0.2077,504315,104406.1149
1791079200000,0.2077,0.2077,0.196,0.2003,747855,149590.9499
1791082800000,0.2003,0.201,0.1933,0.1938,1035423,203019.4179
1791086400000,0.1938,0.1965,0.1834,0.1907,2162192,407176.8105
1791090000000,0.1907,0.2043,0.1899,0.1941,1622499,319259.4546
1791093600000,0.1941,0.2001,0.1903,0.1976,620359,120111.2164
1791097200000,0.1976,0.2,0.1957,0.1968,482185,95239.5948
1791100800000,0.1968,0.1979,0.1888,0.1888,821988,157831.4097
1791104400000,0.1888,0.1959,0.1872,0.1926,998792,190909.7261
1791108000000,0.1926,0.1996,0.1925,0.1983,738446,145176.4816
1791111600000,0.1983,0.1983,0.1953,0.1967,396076,77960.3994
1791115200000,0.1967,0.2043,0.1966,0.1994,1081623,218285.4226
1791118800000,0.1994,0.2009,0.1951,0.1985,669946,132599.0453
1791122400000,0.1985,0.1995,0.1956,0.1966,410422,81218.2391
1791126000000,0.1966,0.2122,0.1966,0.2062,1630727,335870.3367
1791129600000,0.2062,0.207,0.2023,0.2042,711151,145855.2805
1791133200000,0.2042,0.205,0.2008,0.2035,386624,78517.8905
1791136800000,0.2035,0.2145,0.2028,0.2118,982438,205904.1312
1791140400000,0.2118,0.2142,0.2072,0.2126,994054,209327.5061
1791144000000,0.2126,0.216,0.211,0.2125,532784,113780.8567
1791147600000,0.2125,0.2176,0.2109,0.2158,423012,90391.6352
1791151200000,0.2158,0.2215,0.2147,0.2182,662314,144217.2972
1791154800000,0.2182,0.2236,0.2177,0.2229,484224,106816.3836
1791158400000,0.2229,0.2259,0.2197,0.2208,582283,129614.006
1791162000000,0.2208,0.2222,0.2132,0.2142,525674,113906.6004
1791165600000,0.2142,0.2146,0.2031,0.21,1224796,255480.8609
1791169200000,0.21,0.2103,0.2061,0.2061,246642,51415.5624
1791172800000,0.2061,0.2086,0.2011,0.2034,724404,147997.7442
1791176400000,0.2034,0.2064,0.2014,0.2027,314939,64148.4758
1791180000000,0.2027,0.2063,0.2023,0.2045,328563,67169.3292
1791183600000,0.2045,0.2134,0.204,0.2127,731670,152412.1886
1791187200000,0.2127,0.2131,0.2077,0.2088,496675,104618.6661
1791190800000,0.2088,0.213,0.208,0.2092,602961,126642.3276
1791194400000,0.2092,0.2118,0.2059,0.2107,958059,200322.7052
1791198000000,0.2107,0.2157,0.2107,0.2139,631933,134847.6705
1791201600000,0.2139,0.2148,0.2091,0.2106,393326,82994.9576
